,0
0,https://www.immobilienscout24.at/expose/60f6b604eb2417002073cab3
1,https://www.immobilienscout24.at/expose/5ff487cde7233a002178d0d6
2,https://www.immobilienscout24.at/expose/60bde068a73ac60021715768
3,https://www.immobilienscout24.at/expose/602136e14aed8d00219950be
4,https://www.immobilienscout24.at/expose/610a44fe232f73001ee08601
5,https://www.immobilienscout24.at/expose/60fa77e150f9710021b082d6
6,https://www.immobilienscout24.at/expose/6141a6ba4e7aa100233b832f
7,https://www.immobilienscout24.at/expose/60054b9123c9b9001f222616
8,https://www.immobilienscout24.at/expose/613b3063225a480021e26629
9,https://www.immobilienscout24.at/expose/61af23956060af002213eadf
10,https://www.immobilienscout24.at/expose/60a22821519fab002065950b
11,https://www.immobilienscout24.at/expose/6152b885c2b79c001f1e2766
12,https://www.immobilienscout24.at/expose/608a6c3674d496001f88f14c
13,https://www.immobilienscout24.at/expose/6164494bd30eea0021e0667a
14,https://www.immobilienscout24.at/expose/618b94f34b82500022b70096
15,https://www.immobilienscout24.at/expose/604b62539152500023b6c5f4
16,https://www.immobilienscout24.at/expose/608a945274d496001f898645
17,https://www.immobilienscout24.at/expose/608bee837b954e002221778f
18,https://www.immobilienscout24.at/expose/5e8f572b94b4e800220e35fd
19,https://www.immobilienscout24.at/expose/60d5ba11d8c25f001d474668
20,https://www.immobilienscout24.at/expose/611b7fdd558fc90021c67417
21,https://www.immobilienscout24.at/expose/61a87efed550710024b51601
22,https://www.immobilienscout24.at/expose/6149b8ded78f8a001c40f4d8
23,https://www.immobilienscout24.at/expose/61405dd9381cf1001f531bda
24,https://www.immobilienscout24.at/expose/605c44b85b05a10020f6a687
25,https://www.immobilienscout24.at/expose/61309f9dd4d5a70021555039
26,https://www.immobilienscout24.at/expose/605db75303869900220cf5ff
27,https://www.immobilienscout24.at/expose/6108a0bb3e34a9001d4e7ace
28,https://www.immobilienscout24.at/expose/604b50ca8e061f002000a6a2
29,https://www.immobilienscout24.at/expose/5f560f2814e889001f96a1fb
30,https://www.immobilienscout24.at/expose/5ee245b1f00e3a0021767995
31,https://www.immobilienscout24.at/expose/6131f415606f3a001b88d111
32,https://www.immobilienscout24.at/expose/6116496206869b002443a6c8
33,https://www.immobilienscout24.at/expose/60642038b25a7e0021af5cfe
34,https://www.immobilienscout24.at/expose/5f860333b5632a0020f0de02
35,https://www.immobilienscout24.at/expose/61409bbf381cf1001f53aa4d
36,https://www.immobilienscout24.at/expose/5e8f684c94b4e800220e5286
37,https://www.immobilienscout24.at/expose/612f9bb0606f3a001b84f3d1
38,https://www.immobilienscout24.at/expose/61b75c86f3238e0023f3bd9d
39,https://www.immobilienscout24.at/expose/61962a6392119200231ebffe
40,https://www.immobilienscout24.at/expose/6179179037cbfb0020ba4828
41,https://www.immobilienscout24.at/expose/61a1706a30e85e002269e71c
42,https://www.immobilienscout24.at/expose/61a4f49641f4ec0022f734dd
43,https://www.immobilienscout24.at/expose/61936dc98b8b760025597fb3
44,https://www.immobilienscout24.at/expose/5f0c9d04be14900020d47c19
45,https://www.immobilienscout24.at/expose/61a6cbb3c64748001aa3d69a
46,https://www.immobilienscout24.at/expose/60623730e6ed6b0022648faa
47,https://www.immobilienscout24.at/expose/604743f49456e4001f18dbe5
48,https://www.immobilienscout24.at/expose/600e925e010f5f00215c81c3
49,https://www.immobilienscout24.at/expose/616006eb92986b001ea47aeb
50,https://www.immobilienscout24.at/expose/6172a09fee7a8f00274a7c79
51,https://www.immobilienscout24.at/expose/61388a98353d5d0022a2b08e
52,https://www.immobilienscout24.at/expose/60ed66433e0c6f001d5acbf6
53,https://www.immobilienscout24.at/expose/616e927c09933f002713a921
54,https://www.immobilienscout24.at/expose/60e6dbe3b3d09d001e0b3035
55,https://www.immobilienscout24.at/expose/61a60ce9086ded001afead1f
56,https://www.immobilienscout24.at/expose/618e5ce98bd7eb00223ec25f
57,https://www.immobilienscout24.at/expose/6130817dd4d5a7002154fe30
58,https://www.immobilienscout24.at/expose/60f042183e0c6f001d707a92
59,https://www.immobilienscout24.at/expose/61b75c86e78cbf0028f901bd
60,https://www.immobilienscout24.at/expose/6045fc3ecaa4ba002043a8ae
61,https://www.immobilienscout24.at/expose/616eb0ad09933f002713e190
62,https://www.immobilienscout24.at/expose/61b75c86f3238e0023f3bda0
63,https://www.immobilienscout24.at/expose/617bd5dbf0fce400218cfcb3
64,https://www.immobilienscout24.at/expose/6166965bd30eea0021e4c989
65,https://www.immobilienscout24.at/expose/60377f17b1dab80020004940
66,https://www.immobilienscout24.at/expose/619613d2c2e1c90021b0fa94
67,https://www.immobilienscout24.at/expose/5fd8c18bba847f00207800c4
68,https://www.immobilienscout24.at/expose/606f1b0c47f99800224d4fca
69,https://www.immobilienscout24.at/expose/5f4fc73ede3f860021cc4793
70,https://www.immobilienscout24.at/expose/61b5c0913ff649002446f66a
71,https://www.immobilienscout24.at/expose/61a744b7086ded001a064c85
72,https://www.immobilienscout24.at/expose/6090520e7b954e002233114f
73,https://www.immobilienscout24.at/expose/61320d08606f3a001b88f738
74,https://www.immobilienscout24.at/expose/6141d86df34f8e002030fc4b
75,https://www.immobilienscout24.at/expose/619caaadf1a2b40022464bee
76,https://www.immobilienscout24.at/expose/5f0c9d049c0acd0021a53e23
77,https://www.immobilienscout24.at/expose/61b75c86f3238e0023f3bda3
78,https://www.immobilienscout24.at/expose/5f0ca3febe14900020d4888e
79,https://www.immobilienscout24.at/expose/614c6ca1b026d2001f19ae25
80,https://www.immobilienscout24.at/expose/61a4f70d6f2b0300260d8453
81,https://www.immobilienscout24.at/expose/61ae30a86060af0022119d99
82,https://www.immobilienscout24.at/expose/616e72cbc569810024421877
83,https://www.immobilienscout24.at/expose/618a31f874a2fb001f191fcb
84,https://www.immobilienscout24.at/expose/5ffebcba38de8e001f562932
85,https://www.immobilienscout24.at/expose/616d411209933f00270e397f
86,https://www.immobilienscout24.at/expose/610bc20af1c0920020cec7ad
87,https://www.immobilienscout24.at/expose/605cd1eb5b05a10020f8973e
88,https://www.immobilienscout24.at/expose/61b75c86f3238e0023f3bda6
89,https://www.immobilienscout24.at/expose/61a7536ec64748001aa9ebe1
90,https://www.immobilienscout24.at/expose/61af3337d550710024c4887d
91,https://www.immobilienscout24.at/expose/61a65c76086ded001affd391
92,https://www.immobilienscout24.at/expose/609249427b5a15001ca5a989
93,https://www.immobilienscout24.at/expose/5f5b58d65f1ec7001f28f053
94,https://www.immobilienscout24.at/expose/6103c234a909aa001b0e77fa
95,https://www.immobilienscout24.at/expose/6151acc95c4113001d48006a
96,https://www.immobilienscout24.at/expose/61978030921192002321b66b
97,https://www.immobilienscout24.at/expose/616e89c309933f002713976e
98,https://www.immobilienscout24.at/expose/61a36bbf30e85e00226dedb7
99,https://www.immobilienscout24.at/expose/5f4e0aa837f9ec00205a57ba
100,https://www.immobilienscout24.at/expose/61a6cbb3086ded001a006b09
101,https://www.immobilienscout24.at/expose/619fa66bc2748b001fa3cc0e
102,https://www.immobilienscout24.at/expose/5fd8c18bfecbee0021d1900e
103,https://www.immobilienscout24.at/expose/613b3ae8225a480021e2848c
104,https://www.immobilienscout24.at/expose/60ab64a367b094001f782795
105,https://www.immobilienscout24.at/expose/61b77c212f57e800214d385c
106,https://www.immobilienscout24.at/expose/61b75c86e78cbf0028f901ba
107,https://www.immobilienscout24.at/expose/617290cfee7a8f00274a561c
108,https://www.immobilienscout24.at/expose/6006b1f7aa63700023c926f9
109,https://www.immobilienscout24.at/expose/6141d7a3f34f8e002030fb07
110,https://www.immobilienscout24.at/expose/6103c2343e34a9001d442a4c
111,https://www.immobilienscout24.at/expose/618b82a84b82500022b6b66f
112,https://www.immobilienscout24.at/expose/611481e8bb8e8000236cfefd
113,https://www.immobilienscout24.at/expose/61b8a43f28a02c0026192a43
114,https://www.immobilienscout24.at/expose/6141d72cf34f8e002030fab9
115,https://www.immobilienscout24.at/expose/6103c423a909aa001b0e79e4
116,https://www.immobilienscout24.at/expose/61a236a530e85e00226bb16a
117,https://www.immobilienscout24.at/expose/6143176bdc8df10024205b75
118,https://www.immobilienscout24.at/expose/616e863009933f0027138d4b
119,https://www.immobilienscout24.at/expose/619f8a53c2748b001fa36bfb
